濾波器、振盪器材料,,電感器材料,,電容器材料,,電阻器材料,,濾波器、振盪器,,電感器,,電容器,,電阻器,,印刷電路板生產製程及檢測設備,,印刷電路板聚亞醯胺樹脂,,印刷電路板銅箔,,印刷電路板酚醛樹脂,,印刷電路板環氧樹脂,,玻璃纖維/玻纖布,,銅箔基板,,基板組裝加工及相關製造,,硬板、軟板、IC載板製造,,IP設計/IC設計代工服務,,影像感測IC,,光儲存控制IC,,平面顯示器驅動IC,,平面顯示器控制IC,,輸出入介面IC,,網路通訊IC,,磁碟儲存控制器IC,,電源管理IC,,微控制器IC,,記憶體控制IC,,記憶體IC,,消費性IC,,光源管理IC,,光通訊IC,,LED驅動IC,,IC設計,,半導體化學品,,半導體中游生產製程及檢測設備,,其他IC/二極體製造,,DRAM製造,,晶圓製造,,IC/晶圓製造,,光罩,,IC通路,,IC模組,,IC封裝測試,,導線架,,半導體基板,,半導體下游生產製程及檢測設備,,LED藍寶石晶圓/晶片,,LED光源/磊晶,,LED生產製程、檢測設備及原物料,,燈具/應用,,LED封裝/模組,,能源元件原材料,,電池芯,,電池模組,,觸控面板控制IC,,軟性電路板,,觸控面板印刷材料,,觸控面板膠材,,ITO導電薄膜,,ITO導電玻璃,,ITO靶材,,PET膜,,玻璃基板,,觸控面板,,觸控面板相關工業用設備,,資訊收集設備,,電子觸控白板,,自動售票機/金融提款機,,公共資訊查詢站,,衛星定位系統,,自動化HMI,,自動化控制器,,自動化感測器,,自動化整體解決方案,,自動化機台,,AGV及AMR,,工業型機器人,,平面顯示器其他零組件,,平面顯示器驅動IC,,背光模組,,擴散膜、增亮膜、導光板,,稜鏡片,,平面顯示器塑膠框,,平面顯示器背光源,,ITO導電基板,,平面顯示器化學品,,平面顯示器生產製程及檢測設備,,顯示器模組,,面板,,電子書,,電視,,監視器/顯示器,,筆記型電腦平面顯示器,,金屬、塑膠模具,,電腦及週邊設備機構樞紐,,連接線,,光碟片,,光學鏡片、鏡頭,,多功能視訊卡,,隨身碟、記憶卡讀卡機,,BIOS,,磁碟儲存系統,,顯示卡,,散熱片、風扇馬達、散熱模組,,電池,,電源供應器,,機殼,,伺服器,,工業電腦,,桌上型電腦/筆記型電腦,
代號,名稱,代號,名稱,代號,名稱,代號,名稱,代號,名稱,代號,名稱,代號,名稱,代號,名稱,代號,名稱,代號,名稱,代號,名稱,代號,名稱,代號,名稱,代號,名稱,代號,名稱,代號,名稱,代號,名稱,代號,名稱,代號,名稱,代號,名稱,代號,名稱,代號,名稱,代號,名稱,代號,名稱,代號,名稱,代號,名稱,代號,名稱,代號,名稱,代號,名稱,代號,名稱,代號,名稱,代號,名稱,代號,名稱,代號,名稱,代號,名稱,代號,名稱,代號,名稱,代號,名稱,代號,名稱,代號,名稱,代號,名稱,代號,名稱,代號,名稱,代號,名稱,代號,名稱,代號,名稱,代號,名稱,代號,名稱,代號,名稱,代號,名稱,代號,名稱,代號,名稱,代號,名稱,代號,名稱,代號,名稱,代號,名稱,代號,名稱,代號,名稱,代號,名稱,代號,名稱,代號,名稱,代號,名稱,代號,名稱,代號,名稱,代號,名稱,代號,名稱,代號,名稱,代號,名稱,代號,名稱,代號,名稱,代號,名稱,代號,名稱,代號,名稱,代號,名稱,代號,名稱,代號,名稱,代號,名稱,代號,名稱,代號,名稱,代號,名稱,代號,名稱,代號,名稱,代號,名稱,代號,名稱,代號,名稱,代號,名稱,代號,名稱,代號,名稱,代號,名稱,代號,名稱,代號,名稱,代號,名稱,代號,名稱,代號,名稱,代號,名稱,代號,名稱,代號,名稱,代號,名稱,代號,名稱,代號,名稱,代號,名稱,代號,名稱,代號,名稱,代號,名稱,代號,名稱,代號,名稱,代號,名稱,代號,名稱,代號,名稱,代號,名稱,代號,名稱
1785,光洋科,2459,敦吉,2492,華新科,3663,鑫科,2327,國巨*,2308,台達電,2308,台達電,2308,台達電,1528,恩德,1717,長興,1303,南亞,1303,南亞,1303,南亞,1303,南亞,1303,南亞,2313,華通,2313,華通,2401,凌陽,2401,凌陽,2401,凌陽,3034,聯詠,2454,聯發科,2401,凌陽,2379,瑞昱,2401,凌陽,2308,台達電,2308,台達電,3259,鑫創,2337,旺宏,2308,台達電,6415,矽力*-KY,5468,凱鈺,2308,台達電,2308,台達電,1711,永光,2360,致茂,2302,麗正,2344,華邦電,2303,聯電,2302,麗正,2338,光罩,2308,台達電,1434,福懋,1410,南染,2351,順德,2459,敦吉,1595,川寶,2371,大同,2340,台亞,2360,致茂,1538,正峰,1809,中釉,1589,永冠-KY,2308,台達電,2308,台達電,2458,義隆,3390,旭軟,3444,利機,1717,長興,3663,鑫科,3615,安可,1785,光洋科,3303,岱稜,3149,正達,2429,銘旺科,3088,艾訊,3088,艾訊,5386,青雲,2427,三商電,3541,西柏,3632,研勤,3611,鼎翰,3611,鼎翰,3611,鼎翰,5371,中光電,3219,倚強科,6739,竹陞科技,2049,上銀,2308,台達電,2459,敦吉,2371,大同,1717,長興,3504,揚明光,1336,台翰,2393,億光,2340,台亞,1711,永光,1595,川寶,2371,大同,2371,大同,8069,振曜,1604,聲寶,1614,三洋電,2371,大同,1582,信錦,1582,信錦,5457,宣德,2323,中環,2317,鴻海,3709,鑫聯大投控,2357,華碩,2357,華碩,2357,華碩,2357,華碩,2308,台達電,3015,全漢,1471,首利,5457,宣德,2301,光寶科,2324,仁寶,2308,台達電
4739,康普,3357,臺慶科,4760,勤凱,4760,勤凱,2459,敦吉,2327,國巨*,2327,國巨*,2327,國巨*,1595,川寶,3645,達邁,3388,崇越電,1717,長興,1717,長興,1802,台玻,1717,長興,2316,楠梓電,2316,楠梓電,3035,智原,3034,聯詠,2454,聯發科,3141,晶宏,3034,聯詠,3014,聯陽,2454,聯發科,,,2436,偉詮電,2436,偉詮電,6485,點序,2344,華邦電,2401,凌陽,6732,昇佳電子,6568,宏觀,3014,聯陽,2337,旺宏,1717,長興,2467,志聖,2340,台亞,2408,南亞科,2330,台積電,2303,聯電,2438,翔耀,2347,聯強,2308,台達電,1434,福懋,2483,百容,3189,景碩,2308,台達電,2491,吉祥全,2491,吉祥全,2426,鼎元,1611,中電,2301,光寶科,1723,中碳,2360,致茂,2360,致茂,2459,敦吉,,,,,3388,崇越電,4720,德淵,,,,,,,6246,臺龍,2459,敦吉,3498,陽程,,,,,4995,晶達,4995,晶達,,,3623,富晶通,3623,富晶通,3623,富晶通,6125,廣運,3623,富晶通,,,6739,竹陞科技,2352,佳世達,3444,利機,3531,先益,2340,台亞,3523,迎輝,2371,大同,2486,一詮,3615,安可,1717,長興,2360,致茂,2393,億光,2409,友達,6143,元太,1614,三洋電,2352,佳世達,,,2444,兆勁,3230,錦明,6220,岳豐,2349,錸德,2374,佳能,2417,圓剛,2451,創見,3709,鑫聯大投控,2495,普安,2376,技嘉,2354,鴻準,3026,禾伸堂,2301,光寶科,3294,英濟,2317,鴻海,2352,佳世達,2317,鴻海
,,4760,勤凱,6173,信昌電,5434,崇越,2484,希華,2492,華新科,2375,凱美,2371,大同,1785,光洋科,4764,雙鍵,4989,榮科,,,4764,雙鍵,1815,富喬,2328,廣宇,2328,廣宇,2328,廣宇,3339,泰谷,3227,原相,,,3527,聚積,3527,聚積,4951,精拓科,3094,聯傑,,,2454,聯發科,2458,義隆,8299,群聯,2408,南亞科,2436,偉詮電,8016,矽創,,,3288,點晶,2344,華邦電,1727,中華化,3030,德律,2342,茂矽,3707,漢磊,2337,旺宏,2330,台積電,,,2459,敦吉,2451,創見,2329,華泰,2486,一詮,3444,利機,2360,致茂,3615,安可,3339,泰谷,2459,敦吉,2301,光寶科,2371,大同,2352,佳世達,6278,台表科,2439,美律,3227,原相,,,,,3430,奇鈦科,8240,華宏,,,,,,,6405,悅城,3038,全台,3551,世禾,,,,,,,,,,,,,6739,竹陞科技,,,6234,高僑,6218,豪勉,,,,,2392,正崴,6147,頎邦,5371,中光電,2371,大同,3666,光耀,5243,乙盛-KY,3031,佰鴻,,,1773,勝一,2467,志聖,2485,兆赫,2459,敦吉,,,2324,仁寶,2371,大同,,,2459,敦吉,3376,新日興,3114,好德,2491,吉祥全,2459,敦吉,3272,東碩,3028,增你強,6231,系微,3057,喬鼎,2377,微星,2376,技嘉,3211,順達,2308,台達電,3540,曜越,2324,仁寶,2364,倫飛,2324,仁寶
,,6155,鈞寶,6175,立敦,6127,九豪,2492,華新科,3207,耀勝,2413,環科,2428,興勤,2467,志聖,,,8358,金居,,,8240,華宏,3388,崇越電,2383,台光電,3520,華盈,2355,敬鵬,3443,創意,8016,矽創,,,3545,敦泰,4952,凌通,5269,祥碩,3169,亞信,,,3034,聯詠,3014,聯陽,,,3006,晶豪科,2454,聯發科,,,,,3527,聚積,2379,瑞昱,1742,台蠟,3114,好德,2434,統懋,6770,力積電,2340,台亞,2337,旺宏,,,3010,華立,3054,立萬利,2337,旺宏,3310,佳穎,4938,和碩,2467,志聖,6278,台表科,3714,富采,2491,吉祥全,2308,台達電,2393,億光,3010,華立,6509,聚和,2459,敦吉,3556,禾瑞亞,,,,,4764,雙鍵,,,,,,,,,,,3049,精金,4542,科嶠,,,,,,,,,,,,,,,,,,,6234,高僑,,,,,2429,銘旺科,8070,長華*,6120,達運,3388,崇越電,4933,友輝,6120,達運,3090,日電貿,,,1785,光洋科,3455,由田,3024,憶聲,3038,全台,,,2371,大同,2489,瑞軒,,,2478,大毅,3548,兆利,3709,鑫聯大投控,3050,鈺德,2483,百容,5474,聰泰,3260,威剛,,,3128,昇銳,2417,圓剛,2421,建準,3323,加百裕,2360,致茂,5392,能率,2352,佳世達,2376,技嘉,2331,精英
,,8121,越峰,,,6204,艾華,3026,禾伸堂,3236,千如,2472,立隆電,2478,大毅,2493,揚博,,,,,,,,,5340,建榮,3010,華立,3665,貿聯-KY,2367,燿華,3529,力旺,,,,,3592,瑞鼎,6129,普誠,6104,創惟,4968,立積,,,3122,笙泉,3034,聯詠,,,5351,鈺創,2458,義隆,,,,,4961,天鈺,2401,凌陽,1785,光洋科,3178,公準,2481,強茂,,,2344,華邦電,2340,台亞,,,3026,禾伸堂,3135,凌航,2340,台亞,3444,利機,6207,雷科,3030,德律,,,4768,晶呈科技,3114,好德,2390,云辰,2491,吉祥全,3388,崇越電,6558,興能高,3015,全漢,,,,,,,5234,達興材料,,,,,,,,,,,3416,融程電,5386,青雲,,,,,,,,,,,,,,,,,,,6425,易發,,,,,2459,敦吉,,,6176,瑞儀,3685,元創精密,8240,華宏,6246,臺龍,3437,榮創,,,3010,華立,3485,敘豐,3038,全台,3481,群創,,,2489,瑞軒,3024,憶聲,,,3026,禾伸堂,3709,鑫聯大投控,3092,鴻碩,3709,鑫聯大投控,3008,大立光,,,3272,東碩,,,3693,營邦,2425,承啟,2459,敦吉,3625,西勝,2376,技嘉,3607,谷崧,2353,宏碁,2377,微星,2353,宏碁
,,,,,,,,3042,晶技,3357,臺慶科,2492,華新科,2492,華新科,3010,華立,,,,,,,,,5475,德宏,3354,律勝,5355,佳總,2368,金像電,3661,世芯-KY,,,,,4961,天鈺,,,6233,旺玖,5274,信驊,,,3257,虹冠電,3122,笙泉,,,6531,愛普*,3014,聯陽,,,,,6129,普誠,2408,南亞科,2493,揚博,3339,泰谷,3234,光環,,,2371,大同,2342,茂矽,,,3028,增你強,3150,鈺寶-創,2369,菱生,3653,健策,6271,同欣電,3055,蔚華科,,,4956,光鋐,3388,崇越電,2393,億光,3026,禾伸堂,3665,貿聯-KY,8038,長園科,3026,禾伸堂,,,,,,,6899,創為精密,,,,,,,,,,,3481,群創,5490,同亨,,,,,,,,,,,,,,,,,,,6664,群翊,,,,,2476,鉅祥,,,6246,臺龍,4933,友輝,,,6577,勁豐,3516,亞帝歐,,,3663,鑫科,3498,陽程,3168,眾福科,5245,智晶,,,3541,西柏,3128,昇銳,,,3060,銘異,4999,鑫禾,6134,萬旭,,,3019,亞光,,,3322,建舜電,,,3709,鑫聯大投控,2465,麗臺,3017,奇鋐,3709,鑫聯大投控,2385,群光,3013,晟銘電,2357,華碩,2395,研華,2356,英業達
,,,,,,,,3221,台嘉碩,3624,光頡,3026,禾伸堂,3624,光頡,3030,德律,,,,,,,,,8240,華宏,4939,亞電,5381,光譜,2402,毅嘉,5222,全訊,,,,,4966,譜瑞-KY,,,6243,迅杰,6138,茂達,,,3288,點晶,3228,金麗科,,,,,3034,聯詠,,,,,6138,茂達,2436,偉詮電,3010,華立,3402,漢科,3675,德微,,,2408,南亞科,2344,華邦電,,,3033,威健,3260,威剛,2441,超豐,5285,界霖,6552,易華電,3093,港建*,,,6222,立軒,3490,單井,2426,鼎元,3031,佰鴻,4739,康普,,,3211,順達,,,,,,,8070,長華*,,,,,,,,,,,3556,禾瑞亞,5493,三聯,,,,,,,,,,,,,,,,,,,6739,竹陞科技,,,,,2478,大毅,,,6278,台表科,4935,茂林-KY,,,,,6168,宏齊,,,4720,德淵,3535,晶彩科,4995,晶達,5315,光聯,,,5356,協益,3434,哲固,,,3095,及成,6805,富世達,2328,廣宇,,,3059,華晶科,,,3709,鑫聯大投控,,,,,3515,華擎,3071,協禧,4931,新盛力,2413,環科,3032,偉訓,2371,大同,2397,友通,2357,華碩
,,,,,,,,3663,鑫科,5228,鈺鎧,3090,日電貿,3663,鑫科,3093,港建*,,,,,,,,,,,5381,光譜,5498,凱崴,3037,欣興,6423,億而得,,,,,6129,普誠,,,6411,晶焱,6526,達發,,,3317,尼克森,4952,凌通,,,,,3041,揚智,,,,,6415,矽力*-KY,2454,聯發科,3305,昇貿,3413,京鼎,3707,漢磊,,,2434,統懋,2371,大同,,,3036,文曄,3339,泰谷,2449,京元電子,6548,長科*,8070,長華*,3131,弘塑,,,6271,同欣電,3551,世禾,2438,翔耀,3052,夆典,5227,立凱-KY,,,3323,加百裕,,,,,,,,,,,,,,,,,,,3622,洋華,6664,群翊,,,,,,,,,,,,,,,,,,,7709,榮田,,,,,2483,百容,,,6577,勁豐,6120,達運,,,,,6246,臺龍,,,4722,國精化,3551,世禾,5245,智晶,6116,彩晶,,,,,3541,西柏,,,3114,好德,,,5488,松普,,,3362,先進光,,,4967,十銓,,,,,3709,鑫聯大投控,3324,雙鴻,6121,新普,2420,新巨,6276,安鈦克,2376,技嘉,2405,輔信,2362,藍天
,,,,,,,,6155,鈞寶,5434,崇越,3537,堡達,6173,信昌電,3455,由田,,,,,,,,,,,5498,凱崴,6191,精成科,3044,健鼎,6533,晶心科,,,,,6996,力領科技,,,6568,宏觀,6568,宏觀,,,3438,類比科,5236,凌陽創新,,,,,3073,天方能源,,,,,,,2458,義隆,3663,鑫科,3455,由田,4971,IET-KY,,,2455,全新,2408,南亞科,,,3048,益登,3360,尚立,3264,欣銓,8070,長華*,,,3219,倚強科,,,6278,台表科,3583,辛耘,2483,百容,3066,李洲,5234,達興材料,,,3625,西勝,,,,,,,,,,,,,,,,,,,3623,富晶通,,,,,,,,,,,,,,,,,,,,,8027,鈦昇,,,,,3010,華立,,,8085,福華,8070,長華*,,,,,8070,長華*,,,4749,新應材,3583,辛耘,5315,光聯,6189,豐藝,,,,,4995,晶達,,,3310,佳穎,,,2392,正崴,,,3406,玉晶光,,,4973,廣穎,,,,,5386,青雲,3338,泰碩,,,2431,聯昌,3709,鑫聯大投控,2377,微星,2483,百容,2364,倫飛
,,,,,,,,6174,安碁,6155,鈞寶,5328,華容,6204,艾華,3485,敘豐,,,,,,,,,,,6213,聯茂,6224,聚鼎,3114,好德,6643,M31,,,,,8016,矽創,,,6679,鈺太,6708,天擎,,,3527,聚積,5471,松翰,,,,,3122,笙泉,,,,,,,3006,晶豪科,4720,德淵,3467,台灣精材,4991,環宇-KY,,,3016,嘉晶,2434,統懋,,,3209,全科,3444,利機,3265,台星科,,,,,3339,泰谷,,,,,4749,新應材,2491,吉祥全,3346,麗清,6278,台表科,,,4931,新盛力,,,,,,,,,,,,,,,,,,,3673,TPK-KY,,,,,,,,,,,,,,,,,,,,,,,,,,,3023,信邦,,,,,8240,華宏,,,,,,,,,4755,三福化,4770,上品,5386,青雲,6278,台表科,,,,,5493,三聯,,,3504,揚明光,,,3272,東碩,,,3441,聯一光,,,8088,品安,,,,,6150,撼訊,3483,力致,,,2457,飛宏,1471,首利,2425,承啟,3002,歐格,2371,大同
,,,,,,,,6284,佳邦,6156,松上,6173,信昌電,6207,雷科,3498,陽程,,,,,,,,,,,6224,聚鼎,6266,泰詠,3115,富榮綱,6695,芯鼎,,,,,,,,,6684,安格,8040,九暘,,,3588,通嘉,5487,通泰,,,,,3150,鈺寶-創,,,,,,,3014,聯陽,4722,國精化,3485,敘豐,5425,台半,,,3105,穩懋,2455,全新,,,3224,三顧,4973,廣穎,3372,典範,,,,,3402,漢科,,,,,4755,三福化,3015,全漢,3437,榮創,6509,聚和,,,5309,系統電,,,,,,,,,,,,,,,,,,,4729,熒茂,,,,,,,,,,,,,,,,,,,,,,,,,,,3051,力特,,,,,,,,,,,,,,,4768,晶呈科技,5443,均豪,5432,新門,6916,華凌,,,,,6120,達運,,,3709,鑫聯大投控,,,3011,今皓,,,3504,揚明光,,,8271,宇瞻,,,,,6161,捷波,3512,皇龍,,,2483,百容,6235,華孚,2430,燦坤,3005,神基,2376,技嘉
,,,,,,,,6821,聯寶,6173,信昌電,6207,雷科,6224,聚鼎,3535,晶彩科,,,,,,,,,,,6269,台郡,6269,台郡,3229,晟鈦,8054,安國,,,,,,,,,6756,威鋒電子,,,,,3592,瑞鼎,6129,普誠,,,,,3268,海德威,,,,,,,3034,聯詠,4749,新應材,3535,晶彩科,,,,,3532,台勝科,2481,強茂,,,3232,昱捷,5222,全訊,3374,精材,,,,,3455,由田,,,,,5434,崇越,3023,信邦,3444,利機,8038,長園科,,,5543,桓鼎-KY,,,,,,,,,,,,,,,,,,,4995,晶達,,,,,,,,,,,,,,,,,,,,,,,,,,,3311,閎暉,,,,,,,,,,,,,,,4772,台特化,5489,彩富,6116,彩晶,8069,元太,,,,,9912,偉聯,,,4924,欣厚-KY,,,6418,詠昇,,,3630,新鉅科,,,8299,群聯,,,,,,,3709,鑫聯大投控,,,3005,神基,2317,鴻海,3147,大綜,3022,威強電,2377,微星
,,,,,,,,8071,能率網通,6259,百徽,6284,佳邦,6642,富致,3563,牧德,,,,,,,,,,,6274,台燿,6672,騰輝電子-KY,3276,宇環,8227,巨有科技,,,,,,,,,8054,安國,,,,,4923,力士,6202,盛群,,,,,3288,點晶,,,,,,,3041,揚智,4755,三福化,3551,世禾,,,,,3707,漢磊,3016,嘉晶,,,3312,弘憶股,6271,同欣電,3444,利機,,,,,3490,單井,,,,,5536,聖暉*,3026,禾伸堂,3591,艾笛森,8215,明基材,,,6121,新普,,,,,,,,,,,,,,,,,,,5220,萬達光電,,,,,,,,,,,,,,,,,,,,,,,,,,,3419,譁裕,,,,,,,,,,,,,,,5234,達興材料,5536,聖暉*,6120,達運,8104,錸寶,,,,,,,,,5426,振發,,,3023,信邦,,,3709,鑫聯大投控,,,,,,,,,,,4912,聯德控股-KY,,,3015,全漢,1569,濱川,3515,華擎,3088,艾訊,2382,廣達
,,,,,,,,8182,加高,6284,佳邦,6449,鈺邦,6834,天二科技,4542,科嶠,,,,,,,,,,,6509,聚和,8183,精星,3321,同泰,8299,群聯,,,,,,,,,,,,,,,4952,凌通,6229,研通,,,,,3527,聚積,,,,,,,3073,天方能源,4764,雙鍵,3583,辛耘,,,,,4919,新唐,3105,穩懋,,,3339,泰谷,8054,安國,3450,聯鈞,,,,,3551,世禾,,,,,6207,雷科,3031,佰鴻,3714,富采,8261,富鼎,,,6278,台表科,,,,,,,,,,,,,,,,,,,6899,創為精密,,,,,,,,,,,,,,,,,,,,,,,,,,,3504,揚明光,,,,,,,,,,,,,,,,,6125,廣運,6167,久正,8105,凌巨,,,,,,,,,5457,宣德,,,6115,鎰勝,,,4976,佳凌,,,,,,,,,,,5223,安力-KY,,,3032,偉訓,2376,技嘉,3693,營邦,3213,茂訊,2405,輔信
,,,,,,,,8289,泰藝,6292,迅德,8042,金山電,8071,能率網通,4577,達航科技,,,,,,,,,,,6672,騰輝電子-KY,,,3390,旭軟,,,,,,,,,,,,,,,,,4961,天鈺,6679,鈺太,,,,,3530,晶相光,,,,,,,3094,聯傑,4768,晶呈科技,3680,家登,,,,,4991,環宇-KY,3234,光環,,,3360,尚立,8088,品安,3490,單井,,,,,3581,博磊,,,,,6218,豪勉,3066,李洲,4760,勤凱,,,,,6441,廣錠,,,,,,,,,,,,,,,,,,,8105,凌巨,,,,,,,,,,,,,,,,,,,,,,,,,,,3543,州巧,,,,,,,,,,,,,,,,,6234,高僑,6189,豐藝,,,,,,,,,,,6128,上福,,,2483,百容,,,6209,今國光,,,,,,,,,,,5230,雷笛克光學,,,3058,立德,5465,富驊,3706,神達,3416,融程電,2430,燦坤
,,,,,,,,,,6432,今展科,8043,蜜望實,8085,福華,5536,聖暉*,,,,,,,,,,,8039,台虹,,,3715,定穎投控,,,,,,,,,,,,,,,,,5299,杰力,6716,應廣,,,,,3556,禾瑞亞,,,,,,,3122,笙泉,4772,台特化,4772,台特化,,,,,5222,全訊,3532,台勝科,,,3444,利機,8131,福懋科,3567,逸昌,,,,,3583,辛耘,,,,,6223,旺矽,3260,威剛,5244,弘凱,,,,,6509,聚和,,,,,,,,,,,,,,,,,,,,,,,,,,,,,,,,,,,,,,,,,,,,,,,3679,新至陞,,,,,,,,,,,,,,,,,6277,宏正,6278,台表科,,,,,,,,,,,6205,詮欣,,,8103,瀚荃,,,6498,久禾光,,,,,,,,,,,5457,宣德,,,3078,僑威,2354,鴻準,3709,鑫聯大投控,3434,哲固,2483,百容
,,,,,,,,,,6821,聯寶,8071,能率網通,,,6438,迅得,,,,,,,,,,,8291,尚茂,,,4909,新復興,,,,,,,,,,,,,,,,,6129,普誠,6907,雅特力-KY,,,,,4919,新唐,,,,,,,3141,晶宏,5234,達興材料,5222,全訊,,,,,5347,世界,3675,德微,,,3528,安馳,8271,宇瞻,3711,日月光投控,,,,,4770,上品,,,,,6224,聚鼎,3346,麗清,5434,崇越,,,,,8038,長園科,,,,,,,,,,,,,,,,,,,,,,,,,,,,,,,,,,,,,,,,,,,,,,,4938,和碩,,,,,,,,,,,,,,,,,6425,易發,6916,華凌,,,,,,,,,,,6224,聚鼎,,,2459,敦吉,,,6517,保勝光學,,,,,,,,,,,6124,業強,,,3308,聯德,2474,可成,6140,訊達,3479,安勤,3005,神基
,,,,,,,,,,8071,能率網通,,,,,6658,聯策,,,,,,,,,,,,,,,4927,泰鼎-KY,,,,,,,,,,,,,,,,,6130,上亞科技,8024,佑華,,,,,4952,凌通,,,,,,,3150,鈺寶-創,5434,崇越,5434,崇越,,,,,5483,中美晶,3707,漢磊,,,3537,堡達,8277,商丞,4760,勤凱,,,,,4772,台特化,,,,,6261,久元,3406,玉晶光,6164,華興,,,,,8109,博大,,,,,,,,,,,,,,,,,,,,,,,,,,,,,,,,,,,,,,,,,,,,,,,4942,嘉彰,,,,,,,,,,,,,,,,,6438,迅得,8049,晶采,,,,,,,,,,,6584,南俊國際,,,2440,太空梭,,,6668,中揚光,,,,,,,,,,,6230,尼得科超眾,,,3332,幸康,6117,迎廣,6154,順發,3515,華擎,3213,茂訊
,,,,,,,,,,,,,,,,6664,群翊,,,,,,,,,,,,,,,4958,臻鼎-KY,,,,,,,,,,,,,,,,,6138,茂達,,,,,,,5236,凌陽創新,,,,,,,3169,亞信,,,5493,三聯,,,,,6182,合晶,4919,新唐,,,3555,博士旺,8299,群聯,5344,立衛,,,,,5443,均豪,,,,,6271,同欣電,3413,京鼎,6168,宏齊,,,,,8171,天宇,,,,,,,,,,,,,,,,,,,,,,,,,,,,,,,,,,,,,,,,,,,,,,,4960,誠美材,,,,,,,,,,,,,,,,,6613,朋億*,8085,福華,,,,,,,,,,,8163,達方,,,3665,貿聯-KY,,,6742,澤米,,,,,,,,,,,6275,元山,,,3540,曜越,3230,錦明,6218,豪勉,3521,台鋼建設,3231,緯創
,,,,,,,,,,,,,,,,6706,惠特,,,,,,,,,,,,,,,5291,邑昇,,,,,,,,,,,,,,,,,6291,沛亨,,,,,,,5272,笙科,,,,,,,3227,原相,,,5536,聖暉*,,,,,6488,環球晶,4971,IET-KY,,,3702,大聯大,,,6147,頎邦,,,,,5493,三聯,,,,,6277,宏正,3483,力致,6207,雷科,,,,,,,,,,,,,,,,,,,,,,,,,,,,,,,,,,,,,,,,,,,,,,,,,,,,,5243,乙盛-KY,,,,,,,,,,,,,,,,,6664,群翊,8104,錸寶,,,,,,,,,,,8455,大拓-KY,,,3550,聯穎,,,6859,伯特光,,,,,,,,,,,6276,安鈦克,,,3709,鑫聯大投控,3518,柏騰,6221,晉泰,3577,泓格,3709,鑫聯大投控
,,,,,,,,,,,,,,,,6727,亞泰金屬,,,,,,,,,,,,,,,5321,美而快,,,,,,,,,,,,,,,,,6415,矽力*-KY,,,,,,,5302,太欣,,,,,,,3228,金麗科,,,6207,雷科,,,,,6770,力積電,4991,環宇-KY,,,6113,亞矽,,,6207,雷科,,,,,5536,聖暉*,,,,,6278,台表科,3516,亞帝歐,6222,立軒,,,,,,,,,,,,,,,,,,,,,,,,,,,,,,,,,,,,,,,,,,,,,,,,,,,,,5460,同協,,,,,,,,,,,,,,,,,6667,信紘科,8105,凌巨,,,,,,,,,,,,,,,6205,詮欣,,,,,,,,,,,,,,,6591,動力-KY,,,6109,亞元,7744,崴寶,6669,緯穎,3594,磐儀,4938,和碩
,,,,,,,,,,,,,,,,6877,鏵友益,,,,,,,,,,,,,,,5355,佳總,,,,,,,,,,,,,,,,,6435,大中,,,,,,,5487,通泰,,,,,,,3257,虹冠電,,,6208,日揚,,,,,8028,昇陽半導體,5222,全訊,,,6189,豐藝,,,6239,力成,,,,,6218,豪勉,,,,,6597,立誠,3591,艾笛森,6226,光鼎,,,,,,,,,,,,,,,,,,,,,,,,,,,,,,,,,,,,,,,,,,,,,,,,,,,,,6120,達運,,,,,,,,,,,,,,,,,6725,矽科宏晟,,,,,,,,,,,,,,,,,,,,,,,,,,,,,,,,,6831,邁科,,,6117,迎廣,3325,旭品,7711,永擎,3611,鼎翰,6140,訊達
,,,,,,,,,,,,,,,,7730,暉盛-創,,,,,,,,,,,,,,,5381,光譜,,,,,,,,,,,,,,,,,6651,全宇昕,,,,,,,6103,合邦,,,,,,,3259,鑫創,,,6223,旺矽,,,,,8086,宏捷科,5347,世界,,,6192,巨路,,,6257,矽格,,,,,6223,旺矽,,,,,6613,朋億*,3609,三一東林,6261,久元,,,,,,,,,,,,,,,,,,,,,,,,,,,,,,,,,,,,,,,,,,,,,,,,,,,,,6192,巨路,,,,,,,,,,,,,,,,,6877,鏵友益,,,,,,,,,,,,,,,,,,,,,,,,,,,,,,,,,8240,華宏,,,6203,海韻電,3015,全漢,8099,大世科,3652,精聯,6154,順發
,,,,,,,,,,,,,,,,7795,長廣,,,,,,,,,,,,,,,5439,高技,,,,,,,,,,,,,,,,,6679,鈺太,,,,,,,6129,普誠,,,,,,,3268,海德威,,,6277,宏正,,,,,,,5425,台半,,,6227,茂綸,,,6261,久元,,,,,6261,久元,,,,,6706,惠特,4924,欣厚-KY,6271,同欣電,,,,,,,,,,,,,,,,,,,,,,,,,,,,,,,,,,,,,,,,,,,,,,,,,,,,,6205,詮欣,,,,,,,,,,,,,,,,,6983,華洋精機,,,,,,,,,,,,,,,,,,,,,,,,,,,,,,,,,,,,,6220,岳豐,3095,及成,,,3693,營邦,6884,海柏特
,,,,,,,,,,,,,,,,8438,昶昕,,,,,,,,,,,,,,,5464,霖宏,,,,,,,,,,,,,,,,,6693,廣閎科,,,,,,,6237,驊訊,,,,,,,3288,點晶,,,6438,迅得,,,,,,,5483,中美晶,,,6265,方土昶,,,6271,同欣電,,,,,6277,宏正,,,,,7795,長廣,4935,茂林-KY,6278,台表科,,,,,,,,,,,,,,,,,,,,,,,,,,,,,,,,,,,,,,,,,,,,,,,,,,,,,6224,聚鼎,,,,,,,,,,,,,,,,,7703,銳澤,,,,,,,,,,,,,,,,,,,,,,,,,,,,,,,,,,,,,6276,安鈦克,3005,神基,,,3701,大眾控,8099,大世科
,,,,,,,,,,,,,,,,,,,,,,,,,,,,,,,,5469,瀚宇博,,,,,,,,,,,,,,,,,6719,力智,,,,,,,6462,神盾,,,,,,,3317,尼克森,,,6510,精測,,,,,,,6182,合晶,,,6270,倍微,,,7751,竑騰,,,,,6438,迅得,,,,,8070,長華*,4972,湯石照明,8085,福華,,,,,,,,,,,,,,,,,,,,,,,,,,,,,,,,,,,,,,,,,,,,,,,,,,,,,6282,康舒,,,,,,,,,,,,,,,,,7730,暉盛-創,,,,,,,,,,,,,,,,,,,,,,,,,,,,,,,,,,,,,6282,康舒,8410,森田,,,3709,鑫聯大投控,,
,,,,,,,,,,,,,,,,,,,,,,,,,,,,,,,,6108,競國,,,,,,,,,,,,,,,,,6756,威鋒電子,,,,,,,6494,九齊,,,,,,,3438,類比科,,,6515,穎崴,,,,,,,6488,環球晶,,,6474,華豫寧,,,7810,捷創科技,,,,,6515,穎崴,,,,,8091,翔名,5230,雷笛克光學,8111,立碁,,,,,,,,,,,,,,,,,,,,,,,,,,,,,,,,,,,,,,,,,,,,,,,,,,,,,6405,悅城,,,,,,,,,,,,,,,,,8064,東捷,,,,,,,,,,,,,,,,,,,,,,,,,,,,,,,,,,,,,6412,群電,8210,勤誠,,,4916,事欣科,,
,,,,,,,,,,,,,,,,,,,,,,,,,,,,,,,,6141,柏承,,,,,,,,,,,,,,,,,6799,來頡,,,,,,,6568,宏觀,,,,,,,3527,聚積,,,6532,瑞耘,,,,,,,6770,力積電,,,8032,光菱,,,8109,博大,,,,,6640,均華,,,,,8109,博大,5291,邑昇,,,,,,,,,,,,,,,,,,,,,,,,,,,,,,,,,,,,,,,,,,,,,,,,,,,,,,,6577,勁豐,,,,,,,,,,,,,,,,,8374,羅昇,,,,,,,,,,,,,,,,,,,,,,,,,,,,,,,,,,,,,8093,保銳,2301,光寶科,,,5353,台林,,
,,,,,,,,,,,,,,,,,,,,,,,,,,,,,,,,6153,嘉聯益,,,,,,,,,,,,,,,,,8016,矽創,,,,,,,6684,安格,,,,,,,3530,晶相光,,,6613,朋億*,,,,,,,8028,昇陽半導體,,,8067,志旭,,,8110,華東,,,,,6735,美達科技,,,,,8374,羅昇,5344,立衛,,,,,,,,,,,,,,,,,,,,,,,,,,,,,,,,,,,,,,,,,,,,,,,,,,,,,,,6829,千附精密,,,,,,,,,,,,,,,,,,,,,,,,,,,,,,,,,,,,,,,,,,,,,,,,,,,,,,,,,4938,和碩,,,5490,同亨,,
,,,,,,,,,,,,,,,,,,,,,,,,,,,,,,,,6156,松上,,,,,,,,,,,,,,,,,8081,致新,,,,,,,6695,芯鼎,,,,,,,3545,敦泰,,,6658,聯策,,,,,,,8086,宏捷科,,,8068,全達,,,8131,福懋科,,,,,6823,濾能,,,,,,,5460,同協,,,,,,,,,,,,,,,,,,,,,,,,,,,,,,,,,,,,,,,,,,,,,,,,,,,,,,,8101,華冠,,,,,,,,,,,,,,,,,,,,,,,,,,,,,,,,,,,,,,,,,,,,,,,,,,,,,,,,,4916,事欣科,,,6143,振曜,,
,,,,,,,,,,,,,,,,,,,,,,,,,,,,,,,,6191,精成科,,,,,,,,,,,,,,,,,8261,富鼎,,,,,,,6720,久昌,,,,,,,3556,禾瑞亞,,,6664,群翊,,,,,,,,,,,8084,巨虹,,,8150,南茂,,,,,7556,意德士,,,,,,,6124,業強,,,,,,,,,,,,,,,,,,,,,,,,,,,,,,,,,,,,,,,,,,,,,,,,,,,,,,,8163,達方,,,,,,,,,,,,,,,,,,,,,,,,,,,,,,,,,,,,,,,,,,,,,,,,,,,,,,,,,,,,,6154,順發,,
,,,,,,,,,,,,,,,,,,,,,,,,,,,,,,,,6194,育富,,,,,,,,,,,,,,,,,,,,,,,,,6756,威鋒電子,,,,,,,3588,通嘉,,,6667,信紘科,,,,,,,,,,,8096,擎亞,,,8162,微矽電子-創,,,,,7703,銳澤,,,,,,,6164,華興,,,,,,,,,,,,,,,,,,,,,,,,,,,,,,,,,,,,,,,,,,,,,,,,,,,,,,,8215,明基材,,,,,,,,,,,,,,,,,,,,,,,,,,,,,,,,,,,,,,,,,,,,,,,,,,,,,,,,,,,,,6160,欣技,,
,,,,,,,,,,,,,,,,,,,,,,,,,,,,,,,,6207,雷科,,,,,,,,,,,,,,,,,,,,,,,,,7770,君曜,,,,,,,3592,瑞鼎,,,6683,雍智科技,,,,,,,,,,,8112,至上,,,,,,,,,7728,光焱科技,,,,,,,6207,雷科,,,,,,,,,,,,,,,,,,,,,,,,,,,,,,,,,,,,,,,,,,,,,,,,,,,,,,,8383,千附,,,,,,,,,,,,,,,,,,,,,,,,,,,,,,,,,,,,,,,,,,,,,,,,,,,,,,,,,,,,,6166,凌華,,
,,,,,,,,,,,,,,,,,,,,,,,,,,,,,,,,6210,慶生,,,,,,,,,,,,,,,,,,,,,,,,,8016,矽創,,,,,,,4919,新唐,,,6706,惠特,,,,,,,,,,,8299,群聯,,,,,,,,,7730,暉盛-創,,,,,,,6222,立軒,,,,,,,,,,,,,,,,,,,,,,,,,,,,,,,,,,,,,,,,,,,,,,,,,,,,,,,,,,,,,,,,,,,,,,,,,,,,,,,,,,,,,,,,,,,,,,,,,,,,,,,,,,,,,,,,,,,,,6206,飛捷,,
,,,,,,,,,,,,,,,,,,,,,,,,,,,,,,,,6269,台郡,,,,,,,,,,,,,,,,,,,,,,,,,8024,佑華,,,,,,,4923,力士,,,6725,矽科宏晟,,,,,,,,,,,,,,,,,,,,,7734,印能科技,,,,,,,6224,聚鼎,,,,,,,,,,,,,,,,,,,,,,,,,,,,,,,,,,,,,,,,,,,,,,,,,,,,,,,,,,,,,,,,,,,,,,,,,,,,,,,,,,,,,,,,,,,,,,,,,,,,,,,,,,,,,,,,,,,,,6245,立端,,
,,,,,,,,,,,,,,,,,,,,,,,,,,,,,,,,6271,同欣電,,,,,,,,,,,,,,,,,,,,,,,,,8054,安國,,,,,,,4951,精拓科,,,6735,美達科技,,,,,,,,,,,,,,,,,,,,,7768,頌勝科技,,,,,,,6226,光鼎,,,,,,,,,,,,,,,,,,,,,,,,,,,,,,,,,,,,,,,,,,,,,,,,,,,,,,,,,,,,,,,,,,,,,,,,,,,,,,,,,,,,,,,,,,,,,,,,,,,,,,,,,,,,,,,,,,,,,6414,樺漢,,
,,,,,,,,,,,,,,,,,,,,,,,,,,,,,,,,6597,立誠,,,,,,,,,,,,,,,,,,,,,,,,,8102,傑霖科技,,,,,,,4952,凌通,,,6788,華景電,,,,,,,,,,,,,,,,,,,,,7822,倍利科,,,,,,,6278,台表科,,,,,,,,,,,,,,,,,,,,,,,,,,,,,,,,,,,,,,,,,,,,,,,,,,,,,,,,,,,,,,,,,,,,,,,,,,,,,,,,,,,,,,,,,,,,,,,,,,,,,,,,,,,,,,,,,,,,,6441,廣錠,,
,,,,,,,,,,,,,,,,,,,,,,,,,,,,,,,,6835,圓裕,,,,,,,,,,,,,,,,,,,,,,,,,,,,,,,,,4961,天鈺,,,6789,采鈺,,,,,,,,,,,,,,,,,,,,,7828,創新服務,,,,,,,6412,群電,,,,,,,,,,,,,,,,,,,,,,,,,,,,,,,,,,,,,,,,,,,,,,,,,,,,,,,,,,,,,,,,,,,,,,,,,,,,,,,,,,,,,,,,,,,,,,,,,,,,,,,,,,,,,,,,,,,,,6570,維田,,
,,,,,,,,,,,,,,,,,,,,,,,,,,,,,,,,8046,南電,,,,,,,,,,,,,,,,,,,,,,,,,,,,,,,,,4966,譜瑞-KY,,,6823,濾能,,,,,,,,,,,,,,,,,,,,,8027,鈦昇,,,,,,,7753,星亞,,,,,,,,,,,,,,,,,,,,,,,,,,,,,,,,,,,,,,,,,,,,,,,,,,,,,,,,,,,,,,,,,,,,,,,,,,,,,,,,,,,,,,,,,,,,,,,,,,,,,,,,,,,,,,,,,,,,,6579,研揚,,
,,,,,,,,,,,,,,,,,,,,,,,,,,,,,,,,8074,鉅橡,,,,,,,,,,,,,,,,,,,,,,,,,,,,,,,,,4968,立積,,,6829,千附精密,,,,,,,,,,,,,,,,,,,,,8064,東捷,,,,,,,8070,長華*,,,,,,,,,,,,,,,,,,,,,,,,,,,,,,,,,,,,,,,,,,,,,,,,,,,,,,,,,,,,,,,,,,,,,,,,,,,,,,,,,,,,,,,,,,,,,,,,,,,,,,,,,,,,,,,,,,,,,6680,鑫創電子,,
,,,,,,,,,,,,,,,,,,,,,,,,,,,,,,,,8155,博智,,,,,,,,,,,,,,,,,,,,,,,,,,,,,,,,,5236,凌陽創新,,,6877,鏵友益,,,,,,,,,,,,,,,,,,,,,8070,長華*,,,,,,,8085,福華,,,,,,,,,,,,,,,,,,,,,,,,,,,,,,,,,,,,,,,,,,,,,,,,,,,,,,,,,,,,,,,,,,,,,,,,,,,,,,,,,,,,,,,,,,,,,,,,,,,,,,,,,,,,,,,,,,,,,6884,海柏特,,
,,,,,,,,,,,,,,,,,,,,,,,,,,,,,,,,8213,志超,,,,,,,,,,,,,,,,,,,,,,,,,,,,,,,,,5269,祥碩,,,6895,宏碩系統,,,,,,,,,,,,,,,,,,,,,8092,建暐,,,,,,,8111,立碁,,,,,,,,,,,,,,,,,,,,,,,,,,,,,,,,,,,,,,,,,,,,,,,,,,,,,,,,,,,,,,,,,,,,,,,,,,,,,,,,,,,,,,,,,,,,,,,,,,,,,,,,,,,,,,,,,,,,,6928,攸泰科技,,
,,,,,,,,,,,,,,,,,,,,,,,,,,,,,,,,,,,,,,,,,,,,,,,,,,,,,,,,,,,,,,,,,,5272,笙科,,,6909,創控,,,,,,,,,,,,,,,,,,,,,,,,,,,,,,,,,,,,,,,,,,,,,,,,,,,,,,,,,,,,,,,,,,,,,,,,,,,,,,,,,,,,,,,,,,,,,,,,,,,,,,,,,,,,,,,,,,,,,,,,,,,,,,,,,,,,,,,,,,,,,,,,,,,8050,廣積,,
,,,,,,,,,,,,,,,,,,,,,,,,,,,,,,,,,,,,,,,,,,,,,,,,,,,,,,,,,,,,,,,,,,5274,信驊,,,6953,家碩,,,,,,,,,,,,,,,,,,,,,,,,,,,,,,,,,,,,,,,,,,,,,,,,,,,,,,,,,,,,,,,,,,,,,,,,,,,,,,,,,,,,,,,,,,,,,,,,,,,,,,,,,,,,,,,,,,,,,,,,,,,,,,,,,,,,,,,,,,,,,,,,,,,8076,伍豐,,
,,,,,,,,,,,,,,,,,,,,,,,,,,,,,,,,,,,,,,,,,,,,,,,,,,,,,,,,,,,,,,,,,,5299,杰力,,,6983,華洋精機,,,,,,,,,,,,,,,,,,,,,,,,,,,,,,,,,,,,,,,,,,,,,,,,,,,,,,,,,,,,,,,,,,,,,,,,,,,,,,,,,,,,,,,,,,,,,,,,,,,,,,,,,,,,,,,,,,,,,,,,,,,,,,,,,,,,,,,,,,,,,,,,,,,8234,新漢,,
,,,,,,,,,,,,,,,,,,,,,,,,,,,,,,,,,,,,,,,,,,,,,,,,,,,,,,,,,,,,,,,,,,5302,太欣,,,7556,意德士,,,,,,,,,,,,,,,,,,,,,,,,,,,,,,,,,,,,,,,,,,,,,,,,,,,,,,,,,,,,,,,,,,,,,,,,,,,,,,,,,,,,,,,,,,,,,,,,,,,,,,,,,,,,,,,,,,,,,,,,,,,,,,,,,,,,,,,,,,,,,,,,,,,,,,
,,,,,,,,,,,,,,,,,,,,,,,,,,,,,,,,,,,,,,,,,,,,,,,,,,,,,,,,,,,,,,,,,,5351,鈺創,,,7704,明遠精密,,,,,,,,,,,,,,,,,,,,,,,,,,,,,,,,,,,,,,,,,,,,,,,,,,,,,,,,,,,,,,,,,,,,,,,,,,,,,,,,,,,,,,,,,,,,,,,,,,,,,,,,,,,,,,,,,,,,,,,,,,,,,,,,,,,,,,,,,,,,,,,,,,,,,,
,,,,,,,,,,,,,,,,,,,,,,,,,,,,,,,,,,,,,,,,,,,,,,,,,,,,,,,,,,,,,,,,,,5468,凱鈺,,,7728,光焱科技,,,,,,,,,,,,,,,,,,,,,,,,,,,,,,,,,,,,,,,,,,,,,,,,,,,,,,,,,,,,,,,,,,,,,,,,,,,,,,,,,,,,,,,,,,,,,,,,,,,,,,,,,,,,,,,,,,,,,,,,,,,,,,,,,,,,,,,,,,,,,,,,,,,,,,
,,,,,,,,,,,,,,,,,,,,,,,,,,,,,,,,,,,,,,,,,,,,,,,,,,,,,,,,,,,,,,,,,,5471,松翰,,,7730,暉盛-創,,,,,,,,,,,,,,,,,,,,,,,,,,,,,,,,,,,,,,,,,,,,,,,,,,,,,,,,,,,,,,,,,,,,,,,,,,,,,,,,,,,,,,,,,,,,,,,,,,,,,,,,,,,,,,,,,,,,,,,,,,,,,,,,,,,,,,,,,,,,,,,,,,,,,,
,,,,,,,,,,,,,,,,,,,,,,,,,,,,,,,,,,,,,,,,,,,,,,,,,,,,,,,,,,,,,,,,,,5487,通泰,,,7751,竑騰,,,,,,,,,,,,,,,,,,,,,,,,,,,,,,,,,,,,,,,,,,,,,,,,,,,,,,,,,,,,,,,,,,,,,,,,,,,,,,,,,,,,,,,,,,,,,,,,,,,,,,,,,,,,,,,,,,,,,,,,,,,,,,,,,,,,,,,,,,,,,,,,,,,,,,
,,,,,,,,,,,,,,,,,,,,,,,,,,,,,,,,,,,,,,,,,,,,,,,,,,,,,,,,,,,,,,,,,,6103,合邦,,,7769,鴻勁,,,,,,,,,,,,,,,,,,,,,,,,,,,,,,,,,,,,,,,,,,,,,,,,,,,,,,,,,,,,,,,,,,,,,,,,,,,,,,,,,,,,,,,,,,,,,,,,,,,,,,,,,,,,,,,,,,,,,,,,,,,,,,,,,,,,,,,,,,,,,,,,,,,,,,
,,,,,,,,,,,,,,,,,,,,,,,,,,,,,,,,,,,,,,,,,,,,,,,,,,,,,,,,,,,,,,,,,,6104,創惟,,,7772,耀穎,,,,,,,,,,,,,,,,,,,,,,,,,,,,,,,,,,,,,,,,,,,,,,,,,,,,,,,,,,,,,,,,,,,,,,,,,,,,,,,,,,,,,,,,,,,,,,,,,,,,,,,,,,,,,,,,,,,,,,,,,,,,,,,,,,,,,,,,,,,,,,,,,,,,,,
,,,,,,,,,,,,,,,,,,,,,,,,,,,,,,,,,,,,,,,,,,,,,,,,,,,,,,,,,,,,,,,,,,6129,普誠,,,7795,長廣,,,,,,,,,,,,,,,,,,,,,,,,,,,,,,,,,,,,,,,,,,,,,,,,,,,,,,,,,,,,,,,,,,,,,,,,,,,,,,,,,,,,,,,,,,,,,,,,,,,,,,,,,,,,,,,,,,,,,,,,,,,,,,,,,,,,,,,,,,,,,,,,,,,,,,
,,,,,,,,,,,,,,,,,,,,,,,,,,,,,,,,,,,,,,,,,,,,,,,,,,,,,,,,,,,,,,,,,,6130,上亞科技,,,7810,捷創科技,,,,,,,,,,,,,,,,,,,,,,,,,,,,,,,,,,,,,,,,,,,,,,,,,,,,,,,,,,,,,,,,,,,,,,,,,,,,,,,,,,,,,,,,,,,,,,,,,,,,,,,,,,,,,,,,,,,,,,,,,,,,,,,,,,,,,,,,,,,,,,,,,,,,,,
,,,,,,,,,,,,,,,,,,,,,,,,,,,,,,,,,,,,,,,,,,,,,,,,,,,,,,,,,,,,,,,,,,6138,茂達,,,7822,倍利科,,,,,,,,,,,,,,,,,,,,,,,,,,,,,,,,,,,,,,,,,,,,,,,,,,,,,,,,,,,,,,,,,,,,,,,,,,,,,,,,,,,,,,,,,,,,,,,,,,,,,,,,,,,,,,,,,,,,,,,,,,,,,,,,,,,,,,,,,,,,,,,,,,,,,,
,,,,,,,,,,,,,,,,,,,,,,,,,,,,,,,,,,,,,,,,,,,,,,,,,,,,,,,,,,,,,,,,,,6202,盛群,,,7828,創新服務,,,,,,,,,,,,,,,,,,,,,,,,,,,,,,,,,,,,,,,,,,,,,,,,,,,,,,,,,,,,,,,,,,,,,,,,,,,,,,,,,,,,,,,,,,,,,,,,,,,,,,,,,,,,,,,,,,,,,,,,,,,,,,,,,,,,,,,,,,,,,,,,,,,,,,
,,,,,,,,,,,,,,,,,,,,,,,,,,,,,,,,,,,,,,,,,,,,,,,,,,,,,,,,,,,,,,,,,,6229,研通,,,8027,鈦昇,,,,,,,,,,,,,,,,,,,,,,,,,,,,,,,,,,,,,,,,,,,,,,,,,,,,,,,,,,,,,,,,,,,,,,,,,,,,,,,,,,,,,,,,,,,,,,,,,,,,,,,,,,,,,,,,,,,,,,,,,,,,,,,,,,,,,,,,,,,,,,,,,,,,,,
,,,,,,,,,,,,,,,,,,,,,,,,,,,,,,,,,,,,,,,,,,,,,,,,,,,,,,,,,,,,,,,,,,6233,旺玖,,,8091,翔名,,,,,,,,,,,,,,,,,,,,,,,,,,,,,,,,,,,,,,,,,,,,,,,,,,,,,,,,,,,,,,,,,,,,,,,,,,,,,,,,,,,,,,,,,,,,,,,,,,,,,,,,,,,,,,,,,,,,,,,,,,,,,,,,,,,,,,,,,,,,,,,,,,,,,,
,,,,,,,,,,,,,,,,,,,,,,,,,,,,,,,,,,,,,,,,,,,,,,,,,,,,,,,,,,,,,,,,,,6237,驊訊,,,8374,羅昇,,,,,,,,,,,,,,,,,,,,,,,,,,,,,,,,,,,,,,,,,,,,,,,,,,,,,,,,,,,,,,,,,,,,,,,,,,,,,,,,,,,,,,,,,,,,,,,,,,,,,,,,,,,,,,,,,,,,,,,,,,,,,,,,,,,,,,,,,,,,,,,,,,,,,,
,,,,,,,,,,,,,,,,,,,,,,,,,,,,,,,,,,,,,,,,,,,,,,,,,,,,,,,,,,,,,,,,,,6243,迅杰,,,8383,千附,,,,,,,,,,,,,,,,,,,,,,,,,,,,,,,,,,,,,,,,,,,,,,,,,,,,,,,,,,,,,,,,,,,,,,,,,,,,,,,,,,,,,,,,,,,,,,,,,,,,,,,,,,,,,,,,,,,,,,,,,,,,,,,,,,,,,,,,,,,,,,,,,,,,,,
,,,,,,,,,,,,,,,,,,,,,,,,,,,,,,,,,,,,,,,,,,,,,,,,,,,,,,,,,,,,,,,,,,6291,沛亨,,,,,,,,,,,,,,,,,,,,,,,,,,,,,,,,,,,,,,,,,,,,,,,,,,,,,,,,,,,,,,,,,,,,,,,,,,,,,,,,,,,,,,,,,,,,,,,,,,,,,,,,,,,,,,,,,,,,,,,,,,,,,,,,,,,,,,,,,,,,,,,,,,,,,,,,,,
,,,,,,,,,,,,,,,,,,,,,,,,,,,,,,,,,,,,,,,,,,,,,,,,,,,,,,,,,,,,,,,,,,6411,晶焱,,,,,,,,,,,,,,,,,,,,,,,,,,,,,,,,,,,,,,,,,,,,,,,,,,,,,,,,,,,,,,,,,,,,,,,,,,,,,,,,,,,,,,,,,,,,,,,,,,,,,,,,,,,,,,,,,,,,,,,,,,,,,,,,,,,,,,,,,,,,,,,,,,,,,,,,,,
,,,,,,,,,,,,,,,,,,,,,,,,,,,,,,,,,,,,,,,,,,,,,,,,,,,,,,,,,,,,,,,,,,6415,矽力*-KY,,,,,,,,,,,,,,,,,,,,,,,,,,,,,,,,,,,,,,,,,,,,,,,,,,,,,,,,,,,,,,,,,,,,,,,,,,,,,,,,,,,,,,,,,,,,,,,,,,,,,,,,,,,,,,,,,,,,,,,,,,,,,,,,,,,,,,,,,,,,,,,,,,,,,,,,,,
,,,,,,,,,,,,,,,,,,,,,,,,,,,,,,,,,,,,,,,,,,,,,,,,,,,,,,,,,,,,,,,,,,6435,大中,,,,,,,,,,,,,,,,,,,,,,,,,,,,,,,,,,,,,,,,,,,,,,,,,,,,,,,,,,,,,,,,,,,,,,,,,,,,,,,,,,,,,,,,,,,,,,,,,,,,,,,,,,,,,,,,,,,,,,,,,,,,,,,,,,,,,,,,,,,,,,,,,,,,,,,,,,
,,,,,,,,,,,,,,,,,,,,,,,,,,,,,,,,,,,,,,,,,,,,,,,,,,,,,,,,,,,,,,,,,,6462,神盾,,,,,,,,,,,,,,,,,,,,,,,,,,,,,,,,,,,,,,,,,,,,,,,,,,,,,,,,,,,,,,,,,,,,,,,,,,,,,,,,,,,,,,,,,,,,,,,,,,,,,,,,,,,,,,,,,,,,,,,,,,,,,,,,,,,,,,,,,,,,,,,,,,,,,,,,,,
,,,,,,,,,,,,,,,,,,,,,,,,,,,,,,,,,,,,,,,,,,,,,,,,,,,,,,,,,,,,,,,,,,6485,點序,,,,,,,,,,,,,,,,,,,,,,,,,,,,,,,,,,,,,,,,,,,,,,,,,,,,,,,,,,,,,,,,,,,,,,,,,,,,,,,,,,,,,,,,,,,,,,,,,,,,,,,,,,,,,,,,,,,,,,,,,,,,,,,,,,,,,,,,,,,,,,,,,,,,,,,,,,
,,,,,,,,,,,,,,,,,,,,,,,,,,,,,,,,,,,,,,,,,,,,,,,,,,,,,,,,,,,,,,,,,,6494,九齊,,,,,,,,,,,,,,,,,,,,,,,,,,,,,,,,,,,,,,,,,,,,,,,,,,,,,,,,,,,,,,,,,,,,,,,,,,,,,,,,,,,,,,,,,,,,,,,,,,,,,,,,,,,,,,,,,,,,,,,,,,,,,,,,,,,,,,,,,,,,,,,,,,,,,,,,,,
,,,,,,,,,,,,,,,,,,,,,,,,,,,,,,,,,,,,,,,,,,,,,,,,,,,,,,,,,,,,,,,,,,6526,達發,,,,,,,,,,,,,,,,,,,,,,,,,,,,,,,,,,,,,,,,,,,,,,,,,,,,,,,,,,,,,,,,,,,,,,,,,,,,,,,,,,,,,,,,,,,,,,,,,,,,,,,,,,,,,,,,,,,,,,,,,,,,,,,,,,,,,,,,,,,,,,,,,,,,,,,,,,
,,,,,,,,,,,,,,,,,,,,,,,,,,,,,,,,,,,,,,,,,,,,,,,,,,,,,,,,,,,,,,,,,,6531,愛普*,,,,,,,,,,,,,,,,,,,,,,,,,,,,,,,,,,,,,,,,,,,,,,,,,,,,,,,,,,,,,,,,,,,,,,,,,,,,,,,,,,,,,,,,,,,,,,,,,,,,,,,,,,,,,,,,,,,,,,,,,,,,,,,,,,,,,,,,,,,,,,,,,,,,,,,,,,
,,,,,,,,,,,,,,,,,,,,,,,,,,,,,,,,,,,,,,,,,,,,,,,,,,,,,,,,,,,,,,,,,,6568,宏觀,,,,,,,,,,,,,,,,,,,,,,,,,,,,,,,,,,,,,,,,,,,,,,,,,,,,,,,,,,,,,,,,,,,,,,,,,,,,,,,,,,,,,,,,,,,,,,,,,,,,,,,,,,,,,,,,,,,,,,,,,,,,,,,,,,,,,,,,,,,,,,,,,,,,,,,,,,
,,,,,,,,,,,,,,,,,,,,,,,,,,,,,,,,,,,,,,,,,,,,,,,,,,,,,,,,,,,,,,,,,,6651,全宇昕,,,,,,,,,,,,,,,,,,,,,,,,,,,,,,,,,,,,,,,,,,,,,,,,,,,,,,,,,,,,,,,,,,,,,,,,,,,,,,,,,,,,,,,,,,,,,,,,,,,,,,,,,,,,,,,,,,,,,,,,,,,,,,,,,,,,,,,,,,,,,,,,,,,,,,,,,,
,,,,,,,,,,,,,,,,,,,,,,,,,,,,,,,,,,,,,,,,,,,,,,,,,,,,,,,,,,,,,,,,,,6679,鈺太,,,,,,,,,,,,,,,,,,,,,,,,,,,,,,,,,,,,,,,,,,,,,,,,,,,,,,,,,,,,,,,,,,,,,,,,,,,,,,,,,,,,,,,,,,,,,,,,,,,,,,,,,,,,,,,,,,,,,,,,,,,,,,,,,,,,,,,,,,,,,,,,,,,,,,,,,,
,,,,,,,,,,,,,,,,,,,,,,,,,,,,,,,,,,,,,,,,,,,,,,,,,,,,,,,,,,,,,,,,,,6684,安格,,,,,,,,,,,,,,,,,,,,,,,,,,,,,,,,,,,,,,,,,,,,,,,,,,,,,,,,,,,,,,,,,,,,,,,,,,,,,,,,,,,,,,,,,,,,,,,,,,,,,,,,,,,,,,,,,,,,,,,,,,,,,,,,,,,,,,,,,,,,,,,,,,,,,,,,,,
,,,,,,,,,,,,,,,,,,,,,,,,,,,,,,,,,,,,,,,,,,,,,,,,,,,,,,,,,,,,,,,,,,6693,廣閎科,,,,,,,,,,,,,,,,,,,,,,,,,,,,,,,,,,,,,,,,,,,,,,,,,,,,,,,,,,,,,,,,,,,,,,,,,,,,,,,,,,,,,,,,,,,,,,,,,,,,,,,,,,,,,,,,,,,,,,,,,,,,,,,,,,,,,,,,,,,,,,,,,,,,,,,,,,
,,,,,,,,,,,,,,,,,,,,,,,,,,,,,,,,,,,,,,,,,,,,,,,,,,,,,,,,,,,,,,,,,,6695,芯鼎,,,,,,,,,,,,,,,,,,,,,,,,,,,,,,,,,,,,,,,,,,,,,,,,,,,,,,,,,,,,,,,,,,,,,,,,,,,,,,,,,,,,,,,,,,,,,,,,,,,,,,,,,,,,,,,,,,,,,,,,,,,,,,,,,,,,,,,,,,,,,,,,,,,,,,,,,,
,,,,,,,,,,,,,,,,,,,,,,,,,,,,,,,,,,,,,,,,,,,,,,,,,,,,,,,,,,,,,,,,,,6708,天擎,,,,,,,,,,,,,,,,,,,,,,,,,,,,,,,,,,,,,,,,,,,,,,,,,,,,,,,,,,,,,,,,,,,,,,,,,,,,,,,,,,,,,,,,,,,,,,,,,,,,,,,,,,,,,,,,,,,,,,,,,,,,,,,,,,,,,,,,,,,,,,,,,,,,,,,,,,
,,,,,,,,,,,,,,,,,,,,,,,,,,,,,,,,,,,,,,,,,,,,,,,,,,,,,,,,,,,,,,,,,,6716,應廣,,,,,,,,,,,,,,,,,,,,,,,,,,,,,,,,,,,,,,,,,,,,,,,,,,,,,,,,,,,,,,,,,,,,,,,,,,,,,,,,,,,,,,,,,,,,,,,,,,,,,,,,,,,,,,,,,,,,,,,,,,,,,,,,,,,,,,,,,,,,,,,,,,,,,,,,,,
,,,,,,,,,,,,,,,,,,,,,,,,,,,,,,,,,,,,,,,,,,,,,,,,,,,,,,,,,,,,,,,,,,6719,力智,,,,,,,,,,,,,,,,,,,,,,,,,,,,,,,,,,,,,,,,,,,,,,,,,,,,,,,,,,,,,,,,,,,,,,,,,,,,,,,,,,,,,,,,,,,,,,,,,,,,,,,,,,,,,,,,,,,,,,,,,,,,,,,,,,,,,,,,,,,,,,,,,,,,,,,,,,
,,,,,,,,,,,,,,,,,,,,,,,,,,,,,,,,,,,,,,,,,,,,,,,,,,,,,,,,,,,,,,,,,,6720,久昌,,,,,,,,,,,,,,,,,,,,,,,,,,,,,,,,,,,,,,,,,,,,,,,,,,,,,,,,,,,,,,,,,,,,,,,,,,,,,,,,,,,,,,,,,,,,,,,,,,,,,,,,,,,,,,,,,,,,,,,,,,,,,,,,,,,,,,,,,,,,,,,,,,,,,,,,,,
,,,,,,,,,,,,,,,,,,,,,,,,,,,,,,,,,,,,,,,,,,,,,,,,,,,,,,,,,,,,,,,,,,6732,昇佳電子,,,,,,,,,,,,,,,,,,,,,,,,,,,,,,,,,,,,,,,,,,,,,,,,,,,,,,,,,,,,,,,,,,,,,,,,,,,,,,,,,,,,,,,,,,,,,,,,,,,,,,,,,,,,,,,,,,,,,,,,,,,,,,,,,,,,,,,,,,,,,,,,,,,,,,,,,,
,,,,,,,,,,,,,,,,,,,,,,,,,,,,,,,,,,,,,,,,,,,,,,,,,,,,,,,,,,,,,,,,,,6756,威鋒電子,,,,,,,,,,,,,,,,,,,,,,,,,,,,,,,,,,,,,,,,,,,,,,,,,,,,,,,,,,,,,,,,,,,,,,,,,,,,,,,,,,,,,,,,,,,,,,,,,,,,,,,,,,,,,,,,,,,,,,,,,,,,,,,,,,,,,,,,,,,,,,,,,,,,,,,,,,
,,,,,,,,,,,,,,,,,,,,,,,,,,,,,,,,,,,,,,,,,,,,,,,,,,,,,,,,,,,,,,,,,,6799,來頡,,,,,,,,,,,,,,,,,,,,,,,,,,,,,,,,,,,,,,,,,,,,,,,,,,,,,,,,,,,,,,,,,,,,,,,,,,,,,,,,,,,,,,,,,,,,,,,,,,,,,,,,,,,,,,,,,,,,,,,,,,,,,,,,,,,,,,,,,,,,,,,,,,,,,,,,,,
,,,,,,,,,,,,,,,,,,,,,,,,,,,,,,,,,,,,,,,,,,,,,,,,,,,,,,,,,,,,,,,,,,6907,雅特力-KY,,,,,,,,,,,,,,,,,,,,,,,,,,,,,,,,,,,,,,,,,,,,,,,,,,,,,,,,,,,,,,,,,,,,,,,,,,,,,,,,,,,,,,,,,,,,,,,,,,,,,,,,,,,,,,,,,,,,,,,,,,,,,,,,,,,,,,,,,,,,,,,,,,,,,,,,,,
,,,,,,,,,,,,,,,,,,,,,,,,,,,,,,,,,,,,,,,,,,,,,,,,,,,,,,,,,,,,,,,,,,6996,力領科技,,,,,,,,,,,,,,,,,,,,,,,,,,,,,,,,,,,,,,,,,,,,,,,,,,,,,,,,,,,,,,,,,,,,,,,,,,,,,,,,,,,,,,,,,,,,,,,,,,,,,,,,,,,,,,,,,,,,,,,,,,,,,,,,,,,,,,,,,,,,,,,,,,,,,,,,,,
,,,,,,,,,,,,,,,,,,,,,,,,,,,,,,,,,,,,,,,,,,,,,,,,,,,,,,,,,,,,,,,,,,7770,君曜,,,,,,,,,,,,,,,,,,,,,,,,,,,,,,,,,,,,,,,,,,,,,,,,,,,,,,,,,,,,,,,,,,,,,,,,,,,,,,,,,,,,,,,,,,,,,,,,,,,,,,,,,,,,,,,,,,,,,,,,,,,,,,,,,,,,,,,,,,,,,,,,,,,,,,,,,,
,,,,,,,,,,,,,,,,,,,,,,,,,,,,,,,,,,,,,,,,,,,,,,,,,,,,,,,,,,,,,,,,,,8016,矽創,,,,,,,,,,,,,,,,,,,,,,,,,,,,,,,,,,,,,,,,,,,,,,,,,,,,,,,,,,,,,,,,,,,,,,,,,,,,,,,,,,,,,,,,,,,,,,,,,,,,,,,,,,,,,,,,,,,,,,,,,,,,,,,,,,,,,,,,,,,,,,,,,,,,,,,,,,
,,,,,,,,,,,,,,,,,,,,,,,,,,,,,,,,,,,,,,,,,,,,,,,,,,,,,,,,,,,,,,,,,,8024,佑華,,,,,,,,,,,,,,,,,,,,,,,,,,,,,,,,,,,,,,,,,,,,,,,,,,,,,,,,,,,,,,,,,,,,,,,,,,,,,,,,,,,,,,,,,,,,,,,,,,,,,,,,,,,,,,,,,,,,,,,,,,,,,,,,,,,,,,,,,,,,,,,,,,,,,,,,,,
,,,,,,,,,,,,,,,,,,,,,,,,,,,,,,,,,,,,,,,,,,,,,,,,,,,,,,,,,,,,,,,,,,8040,九暘,,,,,,,,,,,,,,,,,,,,,,,,,,,,,,,,,,,,,,,,,,,,,,,,,,,,,,,,,,,,,,,,,,,,,,,,,,,,,,,,,,,,,,,,,,,,,,,,,,,,,,,,,,,,,,,,,,,,,,,,,,,,,,,,,,,,,,,,,,,,,,,,,,,,,,,,,,
,,,,,,,,,,,,,,,,,,,,,,,,,,,,,,,,,,,,,,,,,,,,,,,,,,,,,,,,,,,,,,,,,,8054,安國,,,,,,,,,,,,,,,,,,,,,,,,,,,,,,,,,,,,,,,,,,,,,,,,,,,,,,,,,,,,,,,,,,,,,,,,,,,,,,,,,,,,,,,,,,,,,,,,,,,,,,,,,,,,,,,,,,,,,,,,,,,,,,,,,,,,,,,,,,,,,,,,,,,,,,,,,,
,,,,,,,,,,,,,,,,,,,,,,,,,,,,,,,,,,,,,,,,,,,,,,,,,,,,,,,,,,,,,,,,,,8081,致新,,,,,,,,,,,,,,,,,,,,,,,,,,,,,,,,,,,,,,,,,,,,,,,,,,,,,,,,,,,,,,,,,,,,,,,,,,,,,,,,,,,,,,,,,,,,,,,,,,,,,,,,,,,,,,,,,,,,,,,,,,,,,,,,,,,,,,,,,,,,,,,,,,,,,,,,,,
,,,,,,,,,,,,,,,,,,,,,,,,,,,,,,,,,,,,,,,,,,,,,,,,,,,,,,,,,,,,,,,,,,8102,傑霖科技,,,,,,,,,,,,,,,,,,,,,,,,,,,,,,,,,,,,,,,,,,,,,,,,,,,,,,,,,,,,,,,,,,,,,,,,,,,,,,,,,,,,,,,,,,,,,,,,,,,,,,,,,,,,,,,,,,,,,,,,,,,,,,,,,,,,,,,,,,,,,,,,,,,,,,,,,,
,,,,,,,,,,,,,,,,,,,,,,,,,,,,,,,,,,,,,,,,,,,,,,,,,,,,,,,,,,,,,,,,,,8261,富鼎,,,,,,,,,,,,,,,,,,,,,,,,,,,,,,,,,,,,,,,,,,,,,,,,,,,,,,,,,,,,,,,,,,,,,,,,,,,,,,,,,,,,,,,,,,,,,,,,,,,,,,,,,,,,,,,,,,,,,,,,,,,,,,,,,,,,,,,,,,,,,,,,,,,,,,,,,,
,,,,,,,,,,,,,,,,,,,,,,,,,,,,,,,,,,,,,,,,,,,,,,,,,,,,,,,,,,,,,,,,,,8299,群聯,,,,,,,,,,,,,,,,,,,,,,,,,,,,,,,,,,,,,,,,,,,,,,,,,,,,,,,,,,,,,,,,,,,,,,,,,,,,,,,,,,,,,,,,,,,,,,,,,,,,,,,,,,,,,,,,,,,,,,,,,,,,,,,,,,,,,,,,,,,,,,,,,,,,,,,,,,
