濾波器、振盪器材料,電感器材料,電容器材料,電阻器材料,濾波器、振盪器,電感器,電容器,電阻器,印刷電路板生產製程及檢測設備,聚亞醯胺樹脂,銅箔,酚醛樹脂,環氧樹脂,玻璃纖維/玻纖布,銅箔基板,基板組裝加工及相關製造,硬板、軟板、IC載板製造,控制IC,軟性電路板,觸控面板印刷材料,觸控面板膠材,ITO導電薄膜,ITO導電玻璃,ITO靶材,PET膜,玻璃基板,觸控面板,工業用設備,資訊收集設備,IP設計/IC設計代工服務,影像感測IC,光儲存控制IC,平面顯示器驅動IC,平面顯示器控制IC,輸出入介面IC,網路通訊IC,磁碟儲存控制器IC,電源管理IC,微控制器IC,記憶體控制IC,記憶體IC,光通訊IC,IC設計,半導體化學品,半導體生產製程及檢測設備中游,其他IC/二極體製造,DRAM製造,晶圓製造,IC/晶圓製造,光罩,IC封裝測試,半導體生產製程及檢測設備下游,自動化機台,光學鏡片、鏡頭,散熱片、風扇馬達、散熱模組,通信網路線材,光通訊設備,傳動元件
1785,2459,2492,3663,2327,2308,2308,2308,1528,1717,1303,1303,1303,1303,1303,2313,2313,2458,3390,3444,1717,3663,3615,1785,3303,3149,2429,3088,3088,2401,2401,2401,3034,2454,2401,2379,2401,2308,2308,3259,2337,5468,2308,1711,2360,2302,2344,2303,2302,2338,1410,3093,3219,2317,2308,1615,1608,1504
4739,3357,4760,4760,2459,2327,2327,2327,1595,3645,3388,1717,1717,1802,1717,2316,2316,2459,,,3388,4720,,,,6246,2459,3498,,3035,3034,2454,3141,3034,3014,2454,,2436,2436,6485,2344,6268,2337,1717,2467,2340,2408,2330,2303,2438,1434,5493,3623,2374,2354,1617,1618,1526
,4760,6173,5434,2484,2492,2375,2371,1785,4764,4989,,4764,1815,2328,2328,2328,3227,,,3430,8240,,,,6405,3038,3551,,3339,3227,,3527,3527,4951,3094,,2454,2458,8299,2408,,2344,1727,3030,2342,3707,2337,2330,,2329,7556,6218,2459,2376,1618,2308,1536
,6155,6175,6127,2492,3117,2413,2428,2467,,8358,,8240,3388,2383,3520,2355,3556,,,4964,,,,,,3049,4542,,3443,8016,,3545,4952,5269,3169,,3034,3014,,3006,,2379,1742,3114,2434,6770,2340,2337,,2337,6823,6234,2483,2421,2392,2321,1590
,8121,,6204,3026,3207,2472,2478,2493,,,,,5340,3010,3665,2367,,,,5234,,,,,,3416,5386,,3529,,,3592,6129,6104,4968,,3122,3034,,5351,,2401,1785,3178,2481,,2344,2340,,2340,6515,6425,3008,2459,2459,2352,1597
,,,,3042,3236,2492,2492,3010,,,,,5475,3354,5355,2368,,,,6899,,,,,,3481,5490,,3661,,,4961,,6233,5274,,3257,3122,,6531,,2408,2493,3339,3234,,2371,2342,,2369,7734,6664,3019,3017,3011,2413,2049
,,,,3221,3357,3026,3624,3030,,,,,8240,3585,5381,2402,,,,8070,,,,,,3556,5493,,5222,,,4966,,6243,6138,,3288,3228,,,,2436,3010,3402,3675,,2408,2344,,2441,1595,6739,3059,3071,3023,2483,2233
,,,,3663,3624,3090,3663,3093,,,,,,4939,5498,3037,,,,,,,,,,3622,6664,,6423,,,6129,,6411,6526,,3317,4952,,,,2454,3305,3413,3707,,2434,2371,,2449,7768,7709,3362,3324,3388,2485,2248
,,,,6155,5228,3537,6173,3455,,,,,,5381,6191,3044,,,,,,,,,,3623,7846,,6533,,,6996,,6568,6568,,3438,5236,,,,2458,3663,3455,4971,,2455,2408,,3264,2308,8027,3406,3338,3665,3027,2308
,,,,6174,5434,5328,6204,3485,,,,,,5498,6224,3114,,,,,,,,,,3673,,,6643,,,8016,,6679,6708,,3527,5471,,,,3006,4720,3467,4991,,3016,2434,,3265,2467,,3441,3483,5457,3163,4528
,,,,6284,6155,6173,6207,3498,,,,,,6213,6266,3115,,,,,,,,,,4729,,,6695,,,,,6684,8040,,3588,5487,,,,3014,4722,3485,5425,,3105,2455,,3372,6277,,3504,3512,6190,3234,4534
,,,,6821,6156,6207,6224,3535,,,,,,6224,6269,3229,,,,,,,,,,4995,,,6786,,,,,6756,,,3592,6129,,,,3034,4749,3535,,,3532,2481,,3374,7703,,3630,3709,6192,3363,4540
,,,,8071,6173,6284,6642,3563,,,,,,6269,6672,3276,,,,,,,,,,5220,,,6842,,,,,8054,,,3799,6202,,,,3041,4755,3551,,,3707,3016,,3444,7730,,3709,4912,6197,3669,4561
,,,,8182,6259,6449,6834,4542,,,,,,6274,8183,3321,,,,,,,,,,6899,,,7707,,,,,,,,4923,6229,,,,3073,4764,3583,,,4919,3105,,3450,6640,,4976,5223,6205,3704,4568
,,,,8289,6284,8042,8071,4577,,,,,,6509,,3390,,,,,,,,,,8105,,,7796,,,,,,,,4952,6679,,,,3094,4768,3680,,,4991,3234,,3490,7828,,6209,5230,6220,4903,4576
,,,,,6292,8043,8085,5536,,,,,,6672,,3715,,,,,,,,,,,,,8054,,,,,,,,4961,6716,,,,3122,4772,4772,,,5222,3532,,3567,3131,,6498,5457,6470,4905,4580
,,,,,6432,8071,,6658,,,,,,8039,,4909,,,,,,,,,,,,,8227,,,,,,,,5299,6907,,,,3141,5234,5222,,,5347,3675,,3711,3030,,6517,6124,8011,4977,4583
,,,,,6821,,,6664,,,,,,8291,,4927,,,,,,,,,,,,,8299,,,,,,,,6129,8024,,,,3150,5434,5434,,,5483,3707,,4760,6223,,6668,6230,,6143,4584
,,,,,8071,,,6706,,,,,,,,4958,,,,,,,,,,,,,,,,,,,,,6130,,,,,3169,,5493,,,6182,4919,,5344,2360,,6742,6275,,6163,4589
,,,,,,,,6727,,,,,,,,5291,,,,,,,,,,,,,,,,,,,,,6138,,,,,3227,,5536,,,6488,4971,,6147,4772,,6859,6276,,6263,4590
,,,,,,,,6877,,,,,,,,5321,,,,,,,,,,,,,,,,,,,,,6291,,,,,3228,,6207,,,6770,4991,,6207,3455,,,6591,,6277,6982
,,,,,,,,7730,,,,,,,,5355,,,,,,,,,,,,,,,,,,,,,6415,,,,,3257,,6208,,,8028,5222,,6239,4770,,,6831,,6442,
,,,,,,,,7795,,,,,,,,5381,,,,,,,,,,,,,,,,,,,,,6435,,,,,3259,,6223,,,8086,5347,,6257,8092,,,8240,,6470,
,,,,,,,,8438,,,,,,,,5439,,,,,,,,,,,,,,,,,,,,,6651,,,,,3268,,6277,,,,5425,,6261,8070,,,,,6486,
,,,,,,,,,,,,,,,,5464,,,,,,,,,,,,,,,,,,,,,6679,,,,,3288,,6438,,,,5483,,6271,6261,,,,,6512,
,,,,,,,,,,,,,,,,5469,,,,,,,,,,,,,,,,,,,,,6693,,,,,3317,,6510,,,,6182,,7751,3219,,,,,8011,
,,,,,,,,,,,,,,,,6108,,,,,,,,,,,,,,,,,,,,,6719,,,,,3438,,6515,,,,6488,,7810,7728,,,,,8034,
,,,,,,,,,,,,,,,,6141,,,,,,,,,,,,,,,,,,,,,6756,,,,,3527,,6532,,,,6770,,8109,6438,,,,,8045,
,,,,,,,,,,,,,,,,6153,,,,,,,,,,,,,,,,,,,,,8016,,,,,3530,,6613,,,,8028,,8110,3402,,,,,8048,
,,,,,,,,,,,,,,,,6156,,,,,,,,,,,,,,,,,,,,,8081,,,,,3545,,6658,,,,8086,,8131,6735,,,,,8089,
,,,,,,,,,,,,,,,,6191,,,,,,,,,,,,,,,,,,,,,8261,,,,,3556,,6664,,,,,,8150,3551,,,,,,
,,,,,,,,,,,,,,,,6194,,,,,,,,,,,,,,,,,,,,,,,,,,3588,,6667,,,,,,8162,5443,,,,,,
,,,,,,,,,,,,,,,,6207,,,,,,,,,,,,,,,,,,,,,,,,,,3592,,6683,,,,,,,3490,,,,,,
,,,,,,,,,,,,,,,,6210,,,,,,,,,,,,,,,,,,,,,,,,,,4919,,6706,,,,,,,3583,,,,,,
,,,,,,,,,,,,,,,,6269,,,,,,,,,,,,,,,,,,,,,,,,,,4923,,6725,,,,,,,3339,,,,,,
,,,,,,,,,,,,,,,,6271,,,,,,,,,,,,,,,,,,,,,,,,,,4951,,6735,,,,,,,5536,,,,,,
,,,,,,,,,,,,,,,,6597,,,,,,,,,,,,,,,,,,,,,,,,,,4952,,6788,,,,,,,8064,,,,,,
,,,,,,,,,,,,,,,,6835,,,,,,,,,,,,,,,,,,,,,,,,,,4961,,6789,,,,,,,3055,,,,,,
,,,,,,,,,,,,,,,,8046,,,,,,,,,,,,,,,,,,,,,,,,,,4966,,6823,,,,,,,6218,,,,,,
,,,,,,,,,,,,,,,,8074,,,,,,,,,,,,,,,,,,,,,,,,,,4968,,6829,,,,,,,3581,,,,,,
,,,,,,,,,,,,,,,,8155,,,,,,,,,,,,,,,,,,,,,,,,,,5236,,6877,,,,,,,8027,,,,,,
,,,,,,,,,,,,,,,,8213,,,,,,,,,,,,,,,,,,,,,,,,,,5269,,6895,,,,,,,7822,,,,,,
,,,,,,,,,,,,,,,,8213,,,,,,,,,,,,,,,,,,,,,,,,,,5272,,6909,,,,,,,,,,,,,
,,,,,,,,,,,,,,,,,,,,,,,,,,,,,,,,,,,,,,,,,,5274,,6953,,,,,,,,,,,,,
,,,,,,,,,,,,,,,,,,,,,,,,,,,,,,,,,,,,,,,,,,5299,,6983,,,,,,,,,,,,,
,,,,,,,,,,,,,,,,,,,,,,,,,,,,,,,,,,,,,,,,,,5302,,7556,,,,,,,,,,,,,
,,,,,,,,,,,,,,,,,,,,,,,,,,,,,,,,,,,,,,,,,,5351,,7704,,,,,,,,,,,,,
,,,,,,,,,,,,,,,,,,,,,,,,,,,,,,,,,,,,,,,,,,5468,,7728,,,,,,,,,,,,,
,,,,,,,,,,,,,,,,,,,,,,,,,,,,,,,,,,,,,,,,,,5471,,7730,,,,,,,,,,,,,
,,,,,,,,,,,,,,,,,,,,,,,,,,,,,,,,,,,,,,,,,,5487,,7751,,,,,,,,,,,,,
,,,,,,,,,,,,,,,,,,,,,,,,,,,,,,,,,,,,,,,,,,6103,,7769,,,,,,,,,,,,,
,,,,,,,,,,,,,,,,,,,,,,,,,,,,,,,,,,,,,,,,,,6104,,7772,,,,,,,,,,,,,
,,,,,,,,,,,,,,,,,,,,,,,,,,,,,,,,,,,,,,,,,,6129,,7795,,,,,,,,,,,,,
,,,,,,,,,,,,,,,,,,,,,,,,,,,,,,,,,,,,,,,,,,6130,,7810,,,,,,,,,,,,,
,,,,,,,,,,,,,,,,,,,,,,,,,,,,,,,,,,,,,,,,,,6138,,7822,,,,,,,,,,,,,
,,,,,,,,,,,,,,,,,,,,,,,,,,,,,,,,,,,,,,,,,,6202,,7828,,,,,,,,,,,,,
,,,,,,,,,,,,,,,,,,,,,,,,,,,,,,,,,,,,,,,,,,6229,,8027,,,,,,,,,,,,,
,,,,,,,,,,,,,,,,,,,,,,,,,,,,,,,,,,,,,,,,,,6233,,8091,,,,,,,,,,,,,
,,,,,,,,,,,,,,,,,,,,,,,,,,,,,,,,,,,,,,,,,,6237,,8098,,,,,,,,,,,,,
,,,,,,,,,,,,,,,,,,,,,,,,,,,,,,,,,,,,,,,,,,6243,,8374,,,,,,,,,,,,,
,,,,,,,,,,,,,,,,,,,,,,,,,,,,,,,,,,,,,,,,,,6291,,8383,,,,,,,,,,,,,
,,,,,,,,,,,,,,,,,,,,,,,,,,,,,,,,,,,,,,,,,,6411,,,,,,,,,,,,,,,
,,,,,,,,,,,,,,,,,,,,,,,,,,,,,,,,,,,,,,,,,,6415,,,,,,,,,,,,,,,
,,,,,,,,,,,,,,,,,,,,,,,,,,,,,,,,,,,,,,,,,,6435,,,,,,,,,,,,,,,
,,,,,,,,,,,,,,,,,,,,,,,,,,,,,,,,,,,,,,,,,,6462,,,,,,,,,,,,,,,
,,,,,,,,,,,,,,,,,,,,,,,,,,,,,,,,,,,,,,,,,,6485,,,,,,,,,,,,,,,
,,,,,,,,,,,,,,,,,,,,,,,,,,,,,,,,,,,,,,,,,,6494,,,,,,,,,,,,,,,
,,,,,,,,,,,,,,,,,,,,,,,,,,,,,,,,,,,,,,,,,,6526,,,,,,,,,,,,,,,
,,,,,,,,,,,,,,,,,,,,,,,,,,,,,,,,,,,,,,,,,,6531,,,,,,,,,,,,,,,
,,,,,,,,,,,,,,,,,,,,,,,,,,,,,,,,,,,,,,,,,,6568,,,,,,,,,,,,,,,
,,,,,,,,,,,,,,,,,,,,,,,,,,,,,,,,,,,,,,,,,,6651,,,,,,,,,,,,,,,
,,,,,,,,,,,,,,,,,,,,,,,,,,,,,,,,,,,,,,,,,,6679,,,,,,,,,,,,,,,
,,,,,,,,,,,,,,,,,,,,,,,,,,,,,,,,,,,,,,,,,,6684,,,,,,,,,,,,,,,
,,,,,,,,,,,,,,,,,,,,,,,,,,,,,,,,,,,,,,,,,,6693,,,,,,,,,,,,,,,
,,,,,,,,,,,,,,,,,,,,,,,,,,,,,,,,,,,,,,,,,,6695,,,,,,,,,,,,,,,
,,,,,,,,,,,,,,,,,,,,,,,,,,,,,,,,,,,,,,,,,,6708,,,,,,,,,,,,,,,
,,,,,,,,,,,,,,,,,,,,,,,,,,,,,,,,,,,,,,,,,,6716,,,,,,,,,,,,,,,
,,,,,,,,,,,,,,,,,,,,,,,,,,,,,,,,,,,,,,,,,,6719,,,,,,,,,,,,,,,
,,,,,,,,,,,,,,,,,,,,,,,,,,,,,,,,,,,,,,,,,,6720,,,,,,,,,,,,,,,
,,,,,,,,,,,,,,,,,,,,,,,,,,,,,,,,,,,,,,,,,,6732,,,,,,,,,,,,,,,
,,,,,,,,,,,,,,,,,,,,,,,,,,,,,,,,,,,,,,,,,,6756,,,,,,,,,,,,,,,
,,,,,,,,,,,,,,,,,,,,,,,,,,,,,,,,,,,,,,,,,,6799,,,,,,,,,,,,,,,
,,,,,,,,,,,,,,,,,,,,,,,,,,,,,,,,,,,,,,,,,,6907,,,,,,,,,,,,,,,
,,,,,,,,,,,,,,,,,,,,,,,,,,,,,,,,,,,,,,,,,,6996,,,,,,,,,,,,,,,
,,,,,,,,,,,,,,,,,,,,,,,,,,,,,,,,,,,,,,,,,,7770,,,,,,,,,,,,,,,
,,,,,,,,,,,,,,,,,,,,,,,,,,,,,,,,,,,,,,,,,,8016,,,,,,,,,,,,,,,
,,,,,,,,,,,,,,,,,,,,,,,,,,,,,,,,,,,,,,,,,,8024,,,,,,,,,,,,,,,
,,,,,,,,,,,,,,,,,,,,,,,,,,,,,,,,,,,,,,,,,,8040,,,,,,,,,,,,,,,
,,,,,,,,,,,,,,,,,,,,,,,,,,,,,,,,,,,,,,,,,,8054,,,,,,,,,,,,,,,
,,,,,,,,,,,,,,,,,,,,,,,,,,,,,,,,,,,,,,,,,,8081,,,,,,,,,,,,,,,
,,,,,,,,,,,,,,,,,,,,,,,,,,,,,,,,,,,,,,,,,,8102,,,,,,,,,,,,,,,
,,,,,,,,,,,,,,,,,,,,,,,,,,,,,,,,,,,,,,,,,,8261,,,,,,,,,,,,,,,
,,,,,,,,,,,,,,,,,,,,,,,,,,,,,,,,,,,,,,,,,,8299,,,,,,,,,,,,,,,
